id,name,io
rec09imyqt6lKQMCf,Project Documentation,
rec0IE4kQY3a8FW9q,Script,Input
rec0SNyyzhb28e81B,Design,
rec0k1Sz8KJ4T1guJ,Communication Log,Output
rec0lAfNvqSgCq9jo,Music Track,Input
rec14EFSjbOS71bZb,Automated Workflow,Output
rec16DN2V68SJf6Rd,Book,
rec1AoOkYSc6thxlK,Motivational Support,
rec1XPiR4oIH22ide,Tip And Trick,
rec250HpsbmVUnR0J,Metric,
rec2DiUJpefH5AeNU,Manifesto,
rec2HPhNVgmM5ILhA,Policy,
rec2fJf4xtChtl1Gp,Plan,
rec2m2hjF9bMuIrOy,Javascript,
rec3DkGFzDN7MszoQ,Yaml,
rec3R7VdFUW8f5Hkt,Version Control,Output
rec3t9cRsuzWHIl7Z,Spreadsheet,
rec40zimmBVzxHb0b,Financial Report,Output
rec45gfEsiPP4BQaW,Package,
rec47o56dtmkSajNo,Keynote,
rec4LBU40shpRtWiC,Podcast,
rec4OHsNCcphPYwtL,Meeting Data,
rec4Sv5rfkxo6TZYG,Requirements Document,
rec4lV0c6CRBFkHQA,Completed Article,Output
rec4twKRtCDtqj5bh,Transcript,Output
rec53OOdGSmZLO2tA,Support,
rec5hNo2YqerMHEs2,Compliance Doc,Input
rec5mapEVq6k7HjCW,Webinar,
rec5xfPAjmBZt5Coh,Statistic,
rec5y7idbAcsti1ov,Collaborative Data,Output
rec61ZRz8iYkjzeSV,Raw Data,Input
rec69PK4dOW25jXN9,Data Dashboard,Output
rec6ApqPL0CMqiVf4,Social Media Metric,
rec6F8SQrQrfd8meY,Summary,
rec6NNFMHVxGN6SLx,Setup,
rec6Ndhdan7BOcWNe,Tech Stack,
rec6PVj9RgjuiTPHm,Investment Record,Input
rec6qvqEIipqGO1LG,Config,
rec7WnNTASYccSxOy,Social Media Post,Input
rec8RaKb3yEGUQURD,Research Data,Input
rec8o41YSxhJq9jso,Networking Data,
rec9dTIYpkZFAdgSA,Tool Access,Input
rec9u6Lu5CnhAK9Im,Build,
rec9yTVnjvwIMmH4k,Logo,
recASfE9SEYFjSuHb,Goal-Specific Coaching,
recAWbAUwNb738Bse,Library,
recAbRrn5iQfYBI5r,Goal Tracking,Input
recAfWxwoxbds2NWU,List,
recAnXJ6MbTV56zdL,Design Spec,Input
recBL30t7bLeT4g8Q,Framework,
recBlwiEDGIcrYxQk,Blog Post,Input
recByb9MLDDoPfij9,Automated Task,Output
recCCQAnZ1YMaOdcM,Various Tool,
recCSxEeeAcjUeEzL,Program,
recD2BeeZbc3fr956,Contact Information,Input
recD380QU9c9JrNzf,Published Content,Output
recDGVDeD6DGfz1kA,Visual Report,Output
recDHfiN28ToKW3Wc,SOP,
recDI1BGPqoIDnsu1,Expense Report,Output
recDIPKGHCkAcMXyG,Tool,
recDJWuVQrcmaW028,Manual,Output
recDLgZ8tEdEsMNuh,Code,Input
recDT13iHPXeQFnfS,Processed Input,
recDfZ85ghPvf4bsk,Release Schedule,
recDgE96p0G92tEnj,Receipt,
recDmZx2T84pBFYUx,Ebook,
recDuN01YTwOXcIdx,Resource Allocation Data,
recE2W8y4NuihdNgt,Financial Data,Input
recEFZGoBvu7LrcXw,Project Task,Input
recEPLsds0Q1KCdzS,Resume,
recEpymRLtXXOCCJU,Work Package,
recEuNkxY0arNa9vi,Task Data,Input
recF1gtdbnWnRq4bZ,Bookmark,
recF5gE6cdf4O3gk9,Lesson,
recFsPkDfGrHQNCFT,Document,Input
recG25Njk5YkhF59u,Production Schedule,Output
recG6fy8AOCxTeYmT,Training Material,Output
recGBAQOVbZBvNkDr,Software,Input
recGToR8zZTFzouwy,Multiple Learning Material,
recGiM2NRz9k9AS82,App,
recHGYQqNj4XEsi93,Sales Lead,Input
recHk48lgDm745bxn,Xml,
recIGifcUueShguOZ,Goal,
recIesG3dkPQGqWeS,Distribution Data,
recIlVzq9eJcvV7aw,Article,Input
recIvgSHk5ERx3yeo,Project Timeline,Output
recKrdeOnWvPX4Oss,Session,
recKxDXkIBAzmBpMd,Inventory,
recKxtBswzXPVnvgf,Api Call,Input
recLLWlWa4NZlXAzK,Task Completion Data,
recLbpVLqlH6SlmPC,Crm Entry,Output
recLcA9EVt0h0BOu7,Milestone,Input
recLlzMvXjE7XTXf3,Protocol,
recM4ptvALkGWTigt,Research Summary,Output
recMV8BBjUlARL3tp,Hotkey,
recMphPu42dj7Jh2H,Engagement Data,Input
recMqBB3aufSfYyTE,Csv,
recMrlNhtY62CDyYK,Json,
recMyFx3EHjPZgnVu,Deployed Application,Output
recNHkRJqEHW04kMO,Processed Data,Output
recOKDOpoXr6flVAX,Mvp,Output
recP4MFBH4BsPhjfM,Participant Data,Input
recP9eJFoyQ8zTfzJ,Draft,Output
recPOklhhFjmtFlWi,Client Brief,
recPP4gghqOCnNbUK,Generated Content,Output
recPQK2RDvTMJRajv,Career History,
recPcb20HqsZYpEMc,Contract,
recPmgxrXASfJLH1z,Client Requirement,Input
recQBZGARyrdqIAwb,Action Plan,
recQGHWvK9NMwFa0Y,Checklist,
recQM5FNUsPH87XFS,Meeting,
recQcHQJyyVzuEXMA,Synced Data,Output
recR50jqga7QrDekI,Quote,
recR8yYyrVFBcBEKS,Engagement Report,Output
recRBWHwQcoYKKeoC,Custom Workout Plan,
recRZjU728dMpZN5U,Contact,
recS2jm42raXk269Q,Report,Output
recS3JLE2ALoYx8I3,Content File,Input
recSJBOpbcZHpK4S6,Production Task,Input
recT0iRq2BIb7LPw9,Development Data,
recT2WkBJ5O9wfDnx,Produced Content,Output
recTA2GsD6qXpTEAw,Content Brief,Input
recTBLLhzljnQx4wF,Workout Routine,
recTPezI6vpXButap,Indexed Document,Output
recTXLfh1w8ugwnJC,Categorized Article,Output
recTz17lNizTIJ0a2,Cloud Usage Metric,
recU9r7w8XFScGGLg,Content Metadata,
recUGXda5313ikspO,Calendar,
recUTACXgVbBOoX4T,Iterated Design,Output
recUXYSc4Q7N6yvgN,Rule,
recUj0LGKCntSGWoz,Objective,Input
recUl2yNevbx7Zdqh,Degree,
recVa6EyaJ7kJu9BB,Password,
recVnl1Z5zXYl0SwC,Extension,
recVv7LN8vQRYgu50,Automated Process,Output
recWE8qc9NLQrBsY5,Release,
recWKpG5EGr8h7HYa,Email,
recWkAsQi3bglxKar,Idea,
recWkYQnVAlywfjBg,Music,
recWxZw7z6BBMDzgz,Link,
recX55pvr8buwt70Q,Project,
recXQWmbZ1GDKnh0z,Presentation,
recXY1zOdNTFJklKa,Security Requirement,Input
recXrNXzJoSchdW3T,Generated Lead,Output
recYLkt4UUJiqsIUD,Schedule,
recYSB5SXaEz21Na0,User,
recYSiJ48ntAaYzHe,Supplemental Resource,
recYSqsMhs492Fjoe,Policy Document,
recYlWuuSa0izTeZO,Career Data,Input
recYxE3tY7nItUZC9,Seo Data,Input
recZGqwYRT19sMtJs,Content Idea,Input
recZTHeLgsei4kPOM,Service,
recZWoco9jD1yiNGW,Plugin,
recZZyYlojkTC3bja,Secure System,Output
recZfxLwjKyoRLjK3,Roadmap,
recZnxm6AVCbst506,Article Draft,Input
recaLIGPuACsVkMSU,Business Metric,
recazgrnyKrFZzzsw,Customizable Template,
recb6Csc3naYGWiun,Transcription,
recbD44k1UneX8mjw,Social Media Analytic,Output
recbt6MjdWNq7Vni9,Proposal,
recc0UPBRPka9KxeS,Instruction,
reccI9q471oVJlpnH,Deployed System,Output
recch68B4CgaDM6ve,Automation Script,
reccrj8qrwBUn2Pyh,Excel,
recd8bWmbwOLHWBtS,Career Progress Report,Output
recdAmkGEAdUnmAkX,Follow-Up Reminder,Output
rece4IYH4SLrWibF8,Directory,
rece5TuSaCkM0EeLp,Tutorial,
recem5lYVQD5U7JbJ,Cloud-Stored Data,
recequjTzdXMCXecK,Standard,
recgBkOwZfNuc3Vu1,Recipe,
recgIFIwbAytZ2uxu,User Requirement,Input
recgqu8pfG8LKbkuI,Workflow,
rech3nH0WgmzYDMa5,Expense Data,
rechUk0Uf9jiiIHbw,Index,
rechVyhTgk1KF3WGn,Certificate,
rechp600J4jLbSc5x,Analysis,
rechw1eX4lC0PnK6Y,Data Model,
reciXyE5iNJOCUGmM,Production Data,
recj2SXmKvlsuGYNY,Signature,
recjAzIU9l7NVLwmn,Multiple Template,
recjC76LtAmvBms9j,Imported Data File,Input
recjEx7iwEXkgDBLE,Tool Data,Input
recjuelbutMZCnIy1,Task Input,Input
reck5MaN7RpxNrHZ9,Meeting Invite,Input
reckBpebT4LLYIZFr,Template,
reckLbLW652zQWwx2,Process,
reckjQmFqSApvzVcW,Cheat Sheet,
recl0C2PrbL3MY1Vd,Text Expansion,
reclYm3NUv2mtoov0,Synced Data Between Tool,
reclqOtVJCOlZgzMe,Functional Requirement,Input
recltsMIOIuuy0QKJ,Progress Tracking,
recm5gg0iTcvfkD7y,Setting,
recmDd57oNHlg3EcU,Lead Data,
recmJQyoq4X4Aw6b3,Lyric,
recmK93EhrUpILvQF,Database,
recmKwBgpCnrsbcYs,Project Data,Input
recmY83ncx65vz1WE,Investment Summary,Output
recmtGQnAzx3Y9IBP,Data Visualization,Output
recn3XqTFvAnpbIds,Security Log,
recn7JoAjiy6weSsQ,Configured Tool,Output
recnChwamGYI1dUd3,Business Data,Input
recnQGx6VJ9jVHtgC,Api,Input
recnYhA4WsKFQ7VFg,Financial Statement,Output
recngxYlxv6YCsO8L,Participant Record,
reco3hgCwZJEJeqL3,Journal,
reco6R9XJEGjICA6z,Lecture,
recoDPq922zletZcm,Charter,
recoqPij1zHPsDsIA,Technical Doc,Input
recp8CRnyWKPb85fY,Workflow Data,Input
recpBXQZKGVDmyO9V,Certification,
recpDFhvCGOSC5cTu,Royalty Tracking,Output
recpGEoSAIZlBgnno,Data From Tool,Input
recpoS0pk27K3rPvg,Synced Task,Output
recqCzmCa1EcsvfUK,Client Information,Input
recqGGR8Pevxp4HO4,Practical Example,
recqT4RdLxR5ygh2C,Video,
recqdqZBw11T9ViLB,Content,
recqegFbzdHulTO3Z,Meeting Recording,Output
recqgOKWgNs32NL0Q,Bot,
recqjhNBqx63vmwBJ,Cloud Resource,Input
recqvcCvqysQU1Lv5,Resource,
recqwc01CH2hKIgIx,Schema File,
recqxAJFBCobtGv6r,Networking Summary,Output
recrDXsqeuubVbPhG,Song,
recrKOXJGNCHti5zh,Task,
recrZjzoZEZn6LMOf,Dashboard,
recs4NL8klkxelk1k,Raw Data Note,
recs4fF5upeeuvPmm,Portfolio,
recsUbUoZjK7elUXm,Strategy,
recsX7Slg8KSsnBk2,User Guide,Input
rect0X2Mm1YGjbRfo,Managed Task,Output
rectH5mNmRiDAW3SW,Invoice,Input
rectKuUzrSwXhtrvW,Data,
rectNk7yC8zSiPORS,Goal Achievement,Output
rectWUOse5qrWTOew,Procedure,
rectnuZ1cUcbR69Bj,Guide,
recu2YeBDxXAGJRBG,Review,
recuCsqh8OQXesj8A,Asset,
recuWXW803wE8S2CU,Documentation File,
recumCGk1NJijbtdZ,Prompt,
recvBNSG4rHRlEzur,Version History,
recvEhLJQxnQdjCCk,Log,
recvfnEb4XlejhNwt,Meal Plan,
recvhXwzsjznzqVka,Finding,
recvrprTwLLrcQke0,Shared File,Output
recwFyiD9yIwTvWzQ,Metadata,Input
recwm54bXYzL6XYQ4,User Input,Input
recxFbtjB0D0Jtj7O,Revision,
recxKDjUEBqyvIxGG,Backup,
recxOeOlYkY4BM1Nq,Markdown,
recxQuL4uz80yzRcn,Shortcut,
recxWg4D8bJzoISUk,Released Music,Output
recxbzE1zXa1suj8B,Job Application,Input
recxhOZDqDatjM8gh,Personalized Coaching Session,
recxvdHkZuDcDBGw1,Digital Content,Input
recy6zoa6mqxbTGcT,Python,
recy9z9CStQJezdyr,Folder,
recyLSgQ1DR8PL0xm,Project Progress,
recyqdZcz6O0buKvW,Key,
recyt3FmTI6CIT6ju,Published Post,Output
reczgCJm2xIESCOMf,Networking Event,Input
reczjsdHlnSHTg5w5,Notebook,
reczphCtIIHk6Z0GX,Blog,
reczulkqhprXUOROt,Agenda,
reczxAbdIFBInErZ9,Archive,
