system_id,linked_id
rec4LzIzztlcRCCRX,recCHo32UnzxD4ztg
rec4LzIzztlcRCCRX,recbO4pv3YyWgZaol
rec5ZpFdHwXl8v6iN,recRCiAPOevv4nG2l
rec5ZpFdHwXl8v6iN,recwOaXOwmjEWRdzP
rec5zjY88zY7Y683H,recZ1ivq8qHxdqdcB
rec5zjY88zY7Y683H,recmeo5slJWF34WYX
rec6fVTWN7kfbYF9u,recGC0LyNQlswUoFk
rec6fVTWN7kfbYF9u,recKcV9PhaTO6rOwb
rec8IshdKuEOfY2jG,recbCkewqDEKOX1OY
rec8IshdKuEOfY2jG,recUqTVdywSn6FmIz
recD5wxWmNXUV5GQD,recxdIkSSyfCOZXS6
recD5wxWmNXUV5GQD,recV9AN0QZsnRhiHz
recEUEHnkxUValDaf,rec0nIgh7zCJQpOrl
recEUEHnkxUValDaf,recs5xX53gfD8S8xK
recNbMGDyusBu3XE3,reca1esD4bQYJQdfU
recNbMGDyusBu3XE3,recfVaUIFiueN0xEI
recPU5UMWcOPxyL55,recCVA8lwSSfREJBv
recPU5UMWcOPxyL55,reck8XCYYqx3FJvN7
recSqkO5LbxlFC7i5,recbYomEvcc4buLDW
recSqkO5LbxlFC7i5,rec7gaDhOQv41bAvV
recVPdlW6SfmiM0Wf,recuJRmHGvqsKK9gX
recVPdlW6SfmiM0Wf,recUUuDgqPdt3fnC8
recZ91rU6HPqcn4BB,recbdwxseCU6aagHn
recZ91rU6HPqcn4BB,rec6SVKRP5qPlbKvE
recbUmwL5CTh33q16,reczdU7H6EmMEwv1Z
recbUmwL5CTh33q16,recqp4Sg6eI3Uqitm
recfQvkwcZjxvEBPW,rec39ghwMZnae5D53
recfQvkwcZjxvEBPW,recuTGOnkZPocZ92N
recj79hPWMPZagLuK,recPfPMbKfivVB4FH
recj79hPWMPZagLuK,recWSdKo8nlK6Es3f
reclmXqTK6gcXdedH,recXFtrI6xfydJM5k
reclmXqTK6gcXdedH,recUk0UIAzOl4n7ss
recxnXnFHRDn34D9b,recI6RmdBqkV64dX7
recxnXnFHRDn34D9b,rec5mBeSVxBfU4QVk
recxwb0IWMTVu0wvH,recHEYOedjGxvnDCM
recxwb0IWMTVu0wvH,rec2bAJUdSGd86EPO
recyIJezzOAnkpkyY,recEPIQZwn5NLXhDX
recyIJezzOAnkpkyY,recvCnSa423i0ZPns
