id,name
rec04W6hKnIuuohIV,Business Growth
rec0hedtFfsJpWFbg,Data Visualization
rec0nIgh7zCJQpOrl,Music Publishing
rec1nm1XNk8wOQV9F,Data Management
rec2GmMbAv7uTFEfv,Management
rec2bAJUdSGd86EPO,Knowledge Management
rec39ghwMZnae5D53,Content Organization
rec3szsYtVrQceUWc,Content Indexing
rec5CX17M79CNW1ja,LinkedIn Learning
rec5OBfaCx3XaMgm6,Editing
rec5dlQNQGSLyvFj6,Version Control
rec5mBeSVxBfU4QVk,CRM Integration
rec6SVKRP5qPlbKvE,Indexing
rec76TWRvNcF97W4g,Entertaining Management
rec7MpY3hGa6DUZiw,Security Policies
rec7gaDhOQv41bAvV,Data Processing
rec7lEGebWr43PpaC,Learning
rec7qhT7hIGqlt0Fc,CRM Management
rec8WiwtwEwHpeJJk,Health Monitoring
rec96LZWu9WblsvLs,Change Management
rec9TZ2NTyRqJ2Znv,Financial Audits
recAkpwGNhQj0Q5tO,Business Consulting
recAkw6uldZGKoV9u,Prototyping
recArysxFvumaB8iE,Data Handling
recB9QRYNOPcMWIKz,Project Dashboards
recBNAh3qiy4iXHBe,Social
recBwUWq5i3QG7iH9,Engage
recCHo32UnzxD4ztg,Career Tracking
recCVA8lwSSfREJBv,Task Management
recCWqTCo2hv30PE3,Job Search
recCYCqMQM0Ael4JB,Data Compliance
recCg1V9ytAMibh9d,Career Growth Tracking
recCsoY27HtVTAp5P,Copyrighting
recDIGTGXUb7GRFvP,Tool Integration
recDSjCecxbjldUHp,Health
recE8AH9i8fV7ZOAl,Cloud-Based Collaboration
recEPCfwh8NvTZfup,Fiverr Gig Management
recEPIQZwn5NLXhDX,Budgeting
recEbFGnMcg9JUd9q,Wealth Building
recFfMnnmsr453Lnr,Business Technology Planning
recFp0fsPSo5I4kHL,Fitness Training
recGC0LyNQlswUoFk,Content Creation
recGGoZh2C2pOf7G7,Education
recGWIMJDe6vdQmzE,Ongoing Learning
recGWhwE1R23KaPfW,Task Completion
recGbUm8RYNWIvXXu,Wealth Management
recHAVGSm9U4kammt,System Documentation
recHEYOedjGxvnDCM,Research
recI1bgOyVHMC1qsG,IDEs
recI6RmdBqkV64dX7,Lead Generation
recITekse7bbVtQ9w,Personal Growth
recJC9Kinenr8cQ8D,Expense Management
recKas3JUFbYdSwdI,Article Writing
recKcV9PhaTO6rOwb,Post Scheduling
recKpPZoH6jBJEzmm,Cloud-Based Tools
recLDhSQxFt84a28y,Design
recLVAr8jZqdKTUlZ,Business Analytics
recLhl4ADsYwCl3PS,Blog Creation
recLwJlqWWLmM9KYp,Lab Building
recMjPgTKuhZRFWHt,Writing Management
recMwlxbcBKvwaQBn,Project Reporting
recNZe3Izazi93ecK,Muscle Building
recNf1Yii6NVhmZ5A,Business Trademarking
recNlp6Rm9SAbpdXP,Photo Editing
recNoifzzGVRzzH45,Marketing
recNuaV5h46hvGPwJ,Development
recO6JAtFHIS0mPa5,Monitor and Control
recOGnGs9bYERfoQG,Data Flows
recOIl224jI0CsTqd,Business Operations
recPfPMbKfivVB4FH,Virtual Meetings
recQ634oKxBuh6Qie,Project Execution
recR8aOg2WiMfH9VI,Business Networking
recRCiAPOevv4nG2l,Expense Tracking
recRxptOvne7qYsOl,Secure System Deployment
recSFK7cMUUdrjEJL,Agile
recTDj1rcFVHVWD3b,Personal Development
recTGol0CfBJ7OzVc,Sop Creation
recTPWzHMpsR6LrSk,Analysis
recTiuJ5v36cgvrw7,Freelancing
recUTznv1AYjs9BRz,Business Cloud Planning
recUUuDgqPdt3fnC8,Content Generation
recUk0UIAzOl4n7ss,Workflow Optimization
recUqTVdywSn6FmIz,Engagement Tracking
recV9AN0QZsnRhiHz,Content Distribution
recV9u8CcuoGBIsYk,Business Process Automation
recVKk7DERf7Ssl95,Plan
recVPutnnAxDLZutK,Music Distribution
recW85zmPPfyN2BkV,Iterative Development
recWSdKo8nlK6Es3f,Webinars
recWfGEoQDaLOfZ2f,Network
recXFtrI6xfydJM5k,Production Timeline Management
recXJAwwzwEvWEv12,Business Scaling
recY1PLmT5tNma83E,Documentation
recYFnrxPfWDMkxVs,Business
recYPhR3UjA3Nt4xB,Thought Processing
recYXmwz4AyDYRnWm,Networking Tracking
recYoZmyPeWEU3lwu,Advertising
recZ1ivq8qHxdqdcB,API Integration
reca1esD4bQYJQdfU,Data Analysis
recaJch229tsqhk4p,System Maintenance
recbCkewqDEKOX1OY,Social Media Management
recbDQZ1f227kUIVT,Code Repositories
recbO4pv3YyWgZaol,Goal Setting
recbTOA4l1OMAKDnd,User Training
recbYomEvcc4buLDW,Automation
recbdwxseCU6aagHn,Data Categorization
recbipAFG61dMmMKx,Content Curation
recc64K2SL6XD2ISC,Sale
reccvTvej0BWPIOE9,Task Automation
recd4WziJLt2sbe9n,Testing Workflows
recd7i49a6qFt7Kfm,Royalty Tracking
recdAllhvxfN143ix,Kanban
recdQKwSpTEpWJWbE,System Setup
recdYYSBlTT56NmVx,Storage
recdhYIeW0KgCtpWC,Content Management
recdvXsttwWG8n8n6,Spirituality
recf7GgCkDdmODYqy,Personal Training
recfLyMhwB4zTlRrD,Automation Pipelines
recfVaUIFiueN0xEI,Report Generation
recgV0AQSWeo6eTkJ,Sales Funnel Management
recgd2jie7BVwmtcB,Schedule
recgwTfO0tDO16Et5,Brand Monitoring
rechKbNwKkuRmUe7F,Business Coaching
reci48aauSyypHSIt,Professional Networking
reciAVKK11olMMZGl,Business Strategy
reciHGBbXbbnjFnSX,Content Tracking
reciLL6Cj8nb3avvO,Detoxing
reciRTWfIfyxcGeuu,One-On-One Coaching/Training
reciw5sVvazUbGkBo,Project Management
recjVIkaTWMJ0K7pY,Social Media Scheduling
reck3QHfiga37vG7V,Information
reck8XCYYqx3FJvN7,Project Tracking
reckjIKCgKLJGlniM,Collaboration
reclKbRwnmJphzgE7,Confidence-building
recluJp7DGmX8jxVu,Automation System Setup
recmD9B4PKBWxPni5,Record
recmEwH7exTBCerWi,Manage
recmeo5slJWF34WYX,Workflow Automation
recmiYV8IuNGgmRzP,Tool
recmxlv1B08AjBLxw,Digital Asset Distribution
recoGs1wCeFfItCoj,Graphic Design
recodUg4Vi39s6ViN,Data Sharing
recojSfncg5krgUu8,Production
recpLj4wcaegc34MR,Reporting
recqLW60ClIE9zw1F,Memoir Writing
recqTcKmcreKHpaQM,Develop
recqYEwIApp2JHksz,Skill Development
recqahJkrvezjacps,Financial Planning
recqcddGkBZ7JVD6f,Networking Events Management
recqdfT8wxVYCNk36,Produce
recqp4Sg6eI3Uqitm,Follow-Ups
recqu0drsYkpIH3Zx,Sales
recqyipAPWQZYGN4c,Fitness Coaching
recr1IJJZzg1s3Jgq,Content Production
recrN8B9eiqIlBsIy,Personal
recrXtYv0J4h3fRm6,Team Collaboration
recrgcjORgRjZWwkp,Diet Planning
recs5xX53gfD8S8xK,Release Scheduling
recsFSJOGneFJPY8S,Stylized Branding
rect0v3N2RnrxrKqu,Project Completion
rect86Jdak3Mb7pKf,Market
rectENdROrAaZwBI6,Cloud Storage
recuJRmHGvqsKK9gX,Client Communication
recuMVqVNXFgiC82r,Journaling
recuTGOnkZPocZ92N,Drafting
recvBSsTA2zdXaNJf,Article Research
recvCnSa423i0ZPns,Investment Tracking
recvLTW2llp46EPm1,Skill Acquisition
recvhGVrofZRHIj1L,Remote Collaboration
recwOaXOwmjEWRdzP,Financial Analysis
recwXlqoMsvUK33qj,Network Tracking
recxdIkSSyfCOZXS6,Digital Asset Management
recxfICmkwAQuGdC8,Business Security Planning
recydn7ivW4moPavy,Social Tracking
reczdU7H6EmMEwv1Z,Relationship Management
reczherZyi0aToetX,Tool Configuration
